{"cameraMode":{"drawMode":0,"name":"Shaded","section":"Shading Mode"},"sceneLighting":false,"audioPlay":false,"sceneViewState":{"m_AlwaysRefresh":false,"showFog":true,"showSkybox":false,"showFlares":true,"showImageEffects":true,"showParticleSystems":true,"showVisualEffectGraphs":true,"m_FxEnabled":true},"in2DMode":false,"pivot":{"x":41.352420806884769,"y":1.3705275058746338,"z":0.28506720066070559},"rotation":{"x":0.31306323409080508,"y":0.05125264450907707,"z":-0.01692201755940914,"w":0.9481988549232483},"size":2.4238345623016359,"orthographic":false}